image_path,umap_x,umap_y
data/image_compressed_leomessi/3028870455138693327_427553890_small.jpeg,13.061907,6.9704204
data/image_compressed_leomessi/3109889498909304077_427553890_small.jpeg,11.203796,5.462376
data/image_compressed_leomessi/3065587581610172914_427553890_small.jpeg,12.285664,7.8386865
data/image_compressed_leomessi/2601834634047090348_427553890_small.jpeg,7.540142,2.5629299
data/image_compressed_leomessi/2225132995412106995_427553890_small.jpeg,11.8991375,5.9566956
data/image_compressed_leomessi/2717064915116539564_427553890_small.jpeg,13.324211,6.655357
data/image_compressed_leomessi/3045459076691379874_427553890_small.jpeg,13.054783,4.8199654
data/image_compressed_leomessi/2752607123999339886_427553890_small.jpeg,7.192409,3.3971155
data/image_compressed_leomessi/2263409073916124965_427553890_small.jpeg,7.43099,3.4590256
data/image_compressed_leomessi/3065587581593439029_427553890_small.jpeg,9.96328,4.685231
data/image_compressed_leomessi/2723701551036162375_427553890_small.jpeg,12.847117,6.1717553
data/image_compressed_leomessi/3241403624116695723_427553890_small.jpeg,12.387019,6.3922358
data/image_compressed_leomessi/2992626731110873863_427553890_small.jpeg,9.294661,5.473301
data/image_compressed_leomessi/2802482943496457546_427553890_small.jpeg,12.060657,4.4306684
data/image_compressed_leomessi/2997366346808338868_427553890_small.jpeg,7.418375,4.650975
data/image_compressed_leomessi/2918437322035915369_427553890_small.jpeg,11.293364,3.9711757
data/image_compressed_leomessi/2524389045502965672_427553890_small.jpeg,7.6149015,2.390665
data/image_compressed_leomessi/2320604416698812575_427553890_small.jpeg,7.2366924,3.7327945
data/image_compressed_leomessi/2972960862537357995_427553890_small.jpeg,12.281404,4.296624
data/image_compressed_leomessi/2467005457514223302_427553890_small.jpeg,7.7397614,2.4650185
data/image_compressed_leomessi/2314780828987178500_427553890_small.jpeg,7.386683,3.400353
data/image_compressed_leomessi/3260544074158427175_427553890_small.jpeg,12.074591,4.072689
data/image_compressed_leomessi/2599557042879221759_427553890_small.jpeg,11.412889,6.4295964
data/image_compressed_leomessi/2972124405141150847_427553890_small.jpeg,8.270883,2.746045
data/image_compressed_leomessi/2998426808861599856_427553890_small.jpeg,10.179692,4.882124
data/image_compressed_leomessi/3216051320867309143_427553890_small.jpeg,11.982483,6.404176
data/image_compressed_leomessi/2919406245527071013_427553890_small.jpeg,12.44841,7.446149
data/image_compressed_leomessi/2688238086318724180_427553890_small.jpeg,11.713517,7.3389635
data/image_compressed_leomessi/2750420149083369832_427553890_small.jpeg,7.8489285,4.8416862
data/image_compressed_leomessi/2677747889550290461_427553890_small.jpeg,8.022427,5.8409157
data/image_compressed_leomessi/3082387621183499616_427553890_small.jpeg,10.935135,5.2721615
data/image_compressed_leomessi/2424388090410044913_427553890_small.jpeg,10.474106,5.632201
data/image_compressed_leomessi/2340074574962220328_427553890_small.jpeg,9.63695,3.8728817
data/image_compressed_leomessi/2251949294133723801_427553890_small.jpeg,11.395337,5.7811923
data/image_compressed_leomessi/2330600058066152492_427553890_small.jpeg,8.555651,5.8348866
data/image_compressed_leomessi/2240333604214005249_427553890_small.jpeg,11.509169,8.130402
data/image_compressed_leomessi/2464196613083832838_427553890_small.jpeg,7.764631,3.7870958
data/image_compressed_leomessi/2521571067782663256_427553890_small.jpeg,10.715288,5.864597
data/image_compressed_leomessi/2842543815337506285_427553890_small.jpeg,7.948073,2.4771154
data/image_compressed_leomessi/2886539671631911509_427553890_small.jpeg,12.39547,7.2537947
data/image_compressed_leomessi/2240333604205619152_427553890_small.jpeg,12.623288,7.1628995
data/image_compressed_leomessi/2628426257878880873_427553890_small.jpeg,8.125343,3.462204
data/image_compressed_leomessi/3227177216558513163_427553890_small.jpeg,10.05342,5.244702
data/image_compressed_leomessi/2934065666210704922_427553890_small.jpeg,11.97418,4.3909674
data/image_compressed_leomessi/3103308322207941669_427553890_small.jpeg,8.400508,5.227816
data/image_compressed_leomessi/2551819175138804144_427553890_small.jpeg,7.564074,2.4442863
data/image_compressed_leomessi/3242497890642674908_427553890_small.jpeg,10.486345,4.394044
data/image_compressed_leomessi/2942627923011000247_427553890_small.jpeg,12.140931,5.324602
data/image_compressed_leomessi/3170305974663887272_427553890_small.jpeg,8.372879,2.8632984
data/image_compressed_leomessi/2477138887614736178_427553890_small.jpeg,7.812156,5.4645805
data/image_compressed_leomessi/2831653630647409318_427553890_small.jpeg,8.816953,4.8931007
data/image_compressed_leomessi/2996230267635242718_427553890_small.jpeg,11.138821,4.7105975
data/image_compressed_leomessi/2533666753776879428_427553890_small.jpeg,11.669179,8.627348
data/image_compressed_leomessi/2782074685640217695_427553890_small.jpeg,9.041497,5.679505
data/image_compressed_leomessi/3235335809328526727_640806256_small.jpeg,7.420055,3.2512562
data/image_compressed_leomessi/2442518272404684354_427553890_small.jpeg,11.776286,7.957961
data/image_compressed_leomessi/2861405770076740258_427553890_small.jpeg,8.325414,4.7606854
data/image_compressed_leomessi/3005799521360543728_427553890_small.jpeg,8.680634,5.4895887
data/image_compressed_leomessi/3287685899999556844_427553890_small.jpeg,10.085645,3.8953664
data/image_compressed_leomessi/3241403624116499891_427553890_small.jpeg,10.400327,5.561718
data/image_compressed_leomessi/2688765367524847352_427553890_small.jpeg,7.23519,2.8373713
data/image_compressed_leomessi/2630140483672861426_427553890_small.jpeg,8.346066,5.6504064
data/image_compressed_leomessi/2601396264082710084_427553890_small.jpeg,9.3731785,4.848247
data/image_compressed_leomessi/3291736544233476284_427553890_small.jpeg,12.679483,7.7106724
data/image_compressed_leomessi/3260544074191780245_427553890_small.jpeg,10.117784,5.502677
data/image_compressed_leomessi/2630140483723113657_427553890_small.jpeg,8.354248,5.7160697
data/image_compressed_leomessi/3178286580475447010_427553890_small.jpeg,12.12837,6.790978
data/image_compressed_leomessi/3287685900016459415_427553890_small.jpeg,7.3319488,4.3846407
data/image_compressed_leomessi/2673058435849495648_427553890_small.jpeg,9.557077,5.744369
data/image_compressed_leomessi/3284556385973797397_427553890_small.jpeg,9.658949,3.486192
data/image_compressed_leomessi/3098843741385232938_288587374_small.jpeg,7.0051303,4.5331383
data/image_compressed_leomessi/2499115760179658050_427553890_small.jpeg,11.40102,8.193747
data/image_compressed_leomessi/3242497890609095370_427553890_small.jpeg,10.413708,4.313104
data/image_compressed_leomessi/2635840982329965103_427553890_small.jpeg,7.0683413,3.9275913
data/image_compressed_leomessi/3160954266034109873_427553890_small.jpeg,12.3874035,4.6528597
data/image_compressed_leomessi/2524115094453240440_427553890_small.jpeg,8.395298,5.386339
data/image_compressed_leomessi/2443696601430408102_427553890_small.jpeg,7.882863,5.6396036
data/image_compressed_leomessi/3260544074166780745_427553890_small.jpeg,9.961108,5.5822787
data/image_compressed_leomessi/2849072222351284011_427553890_small.jpeg,10.508814,6.953431
data/image_compressed_leomessi/2304604347233320729_427553890_small.jpeg,10.724896,7.1035867
data/image_compressed_leomessi/3128106731636562722_427553890_small.jpeg,10.411877,5.042932
data/image_compressed_leomessi/3173766504566266576_427553890_small.jpeg,9.724193,3.5197604
data/image_compressed_leomessi/3023425819553169002_427553890_small.jpeg,9.379137,6.0379796
data/image_compressed_leomessi/2658552860337868013_427553890_small.jpeg,10.542069,5.85557
data/image_compressed_leomessi/2909988514960614731_427553890_small.jpeg,12.86184,4.7467713
data/image_compressed_leomessi/3225563513367172130_427553890_small.jpeg,7.351777,4.375554
data/image_compressed_leomessi/2572876007030534751_427553890_small.jpeg,8.420858,5.5755386
data/image_compressed_leomessi/2285859175548966611_427553890_small.jpeg,9.051669,4.050508
data/image_compressed_leomessi/2233064467158730640_427553890_small.jpeg,11.715112,6.070525
data/image_compressed_leomessi/2854160852384007638_427553890_small.jpeg,12.96416,6.697325
data/image_compressed_leomessi/2996230267643840963_427553890_small.jpeg,10.16146,5.188024
data/image_compressed_leomessi/2738951664570567224_427553890_small.jpeg,9.191843,4.506368
data/image_compressed_leomessi/2249689669367987409_427553890_small.jpeg,11.878215,7.9171815
data/image_compressed_leomessi/3289572865924697938_427553890_small.jpeg,7.1644654,3.3436663
data/image_compressed_leomessi/3187005807667629063_427553890_small.jpeg,6.723204,4.1174946
data/image_compressed_leomessi/2930280511298348423_427553890_small.jpeg,12.133899,6.8994994
data/image_compressed_leomessi/2886044444529620226_427553890_small.jpeg,9.53284,6.550275
data/image_compressed_leomessi/2975095193167272746_427553890_small.jpeg,8.665683,4.249328
data/image_compressed_leomessi/2996230267643790467_427553890_small.jpeg,10.701853,4.424694
data/image_compressed_leomessi/2221199832528747957_427553890_small.jpeg,9.983021,6.483642
data/image_compressed_leomessi/2646744006565083619_427553890_small.jpeg,8.445856,3.6102693
data/image_compressed_leomessi/2612297966985954348_427553890_small.jpeg,9.886737,5.26722
data/image_compressed_leomessi/3051336363056493525_427553890_small.jpeg,11.337293,4.1156664
data/image_compressed_leomessi/3125775840780392882_427553890_small.jpeg,11.594929,7.047647
data/image_compressed_leomessi/2638056679898433663_427553890_small.jpeg,7.435875,4.2859273
data/image_compressed_leomessi/2504179374099808838_427553890_small.jpeg,11.531002,8.507577
data/image_compressed_leomessi/2638056679881696089_427553890_small.jpeg,13.300593,6.753587
data/image_compressed_leomessi/2444862645432305198_427553890_small.jpeg,12.12819,8.435984
data/image_compressed_leomessi/2665689629120891930_427553890_small.jpeg,7.015418,2.7102354
data/image_compressed_leomessi/3167464980852665796_427553890_small.jpeg,12.996044,7.6616035
data/image_compressed_leomessi/3171405036998920433_427553890_small.jpeg,8.575272,2.9809768
data/image_compressed_leomessi/2654631746241556842_427553890_small.jpeg,11.801233,4.9954863
data/image_compressed_leomessi/2909988514776103628_427553890_small.jpeg,12.42367,6.129728
data/image_compressed_leomessi/3176133307068897511_427553890_small.jpeg,9.772454,3.799333
data/image_compressed_leomessi/2360515080993017531_427553890_small.jpeg,9.211008,4.395391
data/image_compressed_leomessi/3152228234085755598_427553890_small.jpeg,12.618059,7.516859
data/image_compressed_leomessi/3170305974663855110_427553890_small.jpeg,12.385866,5.5475745
data/image_compressed_leomessi/2802482943496478155_427553890_small.jpeg,12.282946,8.087318
data/image_compressed_leomessi/2964208756213515267_427553890_small.jpeg,7.7095394,4.636138
data/image_compressed_leomessi/2662732743039940901_427553890_small.jpeg,12.259194,8.140985
data/image_compressed_leomessi/2680993156176908066_427553890_small.jpeg,9.563795,6.8912053
data/image_compressed_leomessi/3234537058273257615_427553890_small.jpeg,8.262695,5.92843
data/image_compressed_leomessi/3260544074284152471_427553890_small.jpeg,10.45464,4.4476857
data/image_compressed_leomessi/2524115094335768879_427553890_small.jpeg,8.746933,6.411165
data/image_compressed_leomessi/3012016571094944404_427553890_small.jpeg,9.57554,5.349774
data/image_compressed_leomessi/2307500369097958558_427553890_small.jpeg,10.359926,7.0371556
data/image_compressed_leomessi/2417013699997105878_427553890_small.jpeg,10.443406,7.540982
data/image_compressed_leomessi/3030924965696616349_427553890_small.jpeg,11.8541975,7.474986
data/image_compressed_leomessi/2843669162275926931_427553890_small.jpeg,12.875406,6.078797
data/image_compressed_leomessi/3010486302156328242_427553890_small.jpeg,7.8644295,5.7349176
data/image_compressed_leomessi/2521571067908465544_427553890_small.jpeg,11.0121975,6.0563684
data/image_compressed_leomessi/3160954266050698761_427553890_small.jpeg,12.45858,4.9133973
data/image_compressed_leomessi/2573484174450011092_427553890_small.jpeg,7.062696,2.5701702
data/image_compressed_leomessi/3005618497195447654_427553890_small.jpeg,7.7964683,5.4209547
data/image_compressed_leomessi/3013671525702477826_427553890_small.jpeg,12.083139,7.3191204
data/image_compressed_leomessi/3187005807676087804_427553890_small.jpeg,11.206633,3.8885303
data/image_compressed_leomessi/2369974928201525552_427553890_small.jpeg,7.3482037,3.1342876
data/image_compressed_leomessi/2802482943513245215_427553890_small.jpeg,10.263679,5.362906
data/image_compressed_leomessi/3282444905107238335_427553890_small.jpeg,10.7311125,7.8630905
data/image_compressed_leomessi/2570723786931149969_427553890_small.jpeg,7.6622477,4.237192
data/image_compressed_leomessi/2430225075804732305_427553890_small.jpeg,9.856744,7.3446803
data/image_compressed_leomessi/3030924965864534460_427553890_small.jpeg,12.289751,6.0779886
data/image_compressed_leomessi/2233064467175339580_427553890_small.jpeg,12.436731,7.2531233
data/image_compressed_leomessi/3152228234093972979_427553890_small.jpeg,11.275195,4.6026444
data/image_compressed_leomessi/2483059617556631984_427553890_small.jpeg,10.595244,7.611731
data/image_compressed_leomessi/2723701551027917180_427553890_small.jpeg,12.270986,6.0658426
data/image_compressed_leomessi/2842543815471811713_427553890_small.jpeg,8.04839,2.6410584
data/image_compressed_leomessi/2989794397143715317_427553890_small.jpeg,10.126477,4.8214145
data/image_compressed_leomessi/3068866560500604110_427553890_small.jpeg,11.247388,4.8423057
data/image_compressed_leomessi/2782452286573618411_427553890_small.jpeg,12.353799,7.77392
data/image_compressed_leomessi/2988934252196781353_427553890_small.jpeg,9.530823,6.4309425
data/image_compressed_leomessi/3133055137916174222_427553890_small.jpeg,8.004633,4.8843317
data/image_compressed_leomessi/2729260554327903067_427553890_small.jpeg,9.575374,4.142289
data/image_compressed_leomessi/2530239904346479849_427553890_small.jpeg,10.859885,7.300362
data/image_compressed_leomessi/2407723680408435672_427553890_small.jpeg,11.580227,6.056345
data/image_compressed_leomessi/2610117101887525189_427553890_small.jpeg,11.674202,5.539267
data/image_compressed_leomessi/2930280511071997166_427553890_small.jpeg,12.274465,6.9690423
data/image_compressed_leomessi/2883113209419364329_427553890_small.jpeg,12.101017,8.61233
data/image_compressed_leomessi/2918437322027438308_427553890_small.jpeg,11.510613,4.1436253
data/image_compressed_leomessi/2415847741802856764_427553890_small.jpeg,12.120288,7.676144
data/image_compressed_leomessi/3184473557739827035_427553890_small.jpeg,12.66391,7.7374377
data/image_compressed_leomessi/2805488955018986145_427553890_small.jpeg,8.172724,3.2031446
data/image_compressed_leomessi/3098843741444092188_288587374_small.jpeg,7.2052054,3.9599252
data/image_compressed_leomessi/2541602997760493962_427553890_small.jpeg,6.7881246,4.13908
data/image_compressed_leomessi/2463559217455785066_427553890_small.jpeg,11.581284,8.000997
data/image_compressed_leomessi/3002651173086511697_427553890_small.jpeg,9.989661,4.7465854
data/image_compressed_leomessi/2665689629145981271_427553890_small.jpeg,6.9949102,2.6284342
data/image_compressed_leomessi/3047747757901509254_427553890_small.jpeg,6.7372274,4.2008853
data/image_compressed_leomessi/3068866560433371701_427553890_small.jpeg,12.201123,4.7818713
data/image_compressed_leomessi/2430225075821595038_427553890_small.jpeg,10.571977,6.933235
data/image_compressed_leomessi/2504179374116688950_427553890_small.jpeg,11.485772,6.042889
data/image_compressed_leomessi/2331501719961836012_427553890_small.jpeg,11.61666,5.729223
data/image_compressed_leomessi/3045459076674614055_427553890_small.jpeg,13.176656,5.337037
data/image_compressed_leomessi/2558363419458504153_427553890_small.jpeg,7.99077,2.4444053
data/image_compressed_leomessi/3030924965696713634_427553890_small.jpeg,13.122803,5.717376
data/image_compressed_leomessi/2233064467150170135_427553890_small.jpeg,12.216401,7.3096547
data/image_compressed_leomessi/2985377716388722270_427553890_small.jpeg,12.743165,7.210468
data/image_compressed_leomessi/3133746661675136354_427553890_small.jpeg,9.944791,3.4681149
data/image_compressed_leomessi/3187005807659262405_427553890_small.jpeg,12.286349,4.7589135
data/image_compressed_leomessi/2973669926087096224_427553890_small.jpeg,9.32743,5.131822
data/image_compressed_leomessi/2530239904321316233_427553890_small.jpeg,10.782152,5.7703834
data/image_compressed_leomessi/3047747757725260164_427553890_small.jpeg,7.7090187,4.435079
data/image_compressed_leomessi/2504179374133590192_427553890_small.jpeg,11.475455,6.1458125
data/image_compressed_leomessi/2443696601421854040_427553890_small.jpeg,9.813524,4.5295563
data/image_compressed_leomessi/2363342435968892141_427553890_small.jpeg,10.512561,7.288093
data/image_compressed_leomessi/3179675769848156821_427553890_small.jpeg,9.268056,6.2681174
data/image_compressed_leomessi/2558363419433344458_427553890_small.jpeg,7.5508437,2.4333372
data/image_compressed_leomessi/2601834634340688621_427553890_small.jpeg,7.7080913,2.3671553
data/image_compressed_leomessi/3030924965805709849_427553890_small.jpeg,11.258964,4.0815406
data/image_compressed_leomessi/2499115760196477111_427553890_small.jpeg,11.612929,7.9920373
data/image_compressed_leomessi/2688238086352399239_427553890_small.jpeg,12.03266,5.705458
data/image_compressed_leomessi/2610117101845669027_427553890_small.jpeg,11.461539,5.4495516
data/image_compressed_leomessi/3066406163662661344_427553890_small.jpeg,8.318034,3.3922517
data/image_compressed_leomessi/2570723786922686235_427553890_small.jpeg,7.628003,3.3304322
data/image_compressed_leomessi/2635840982111943169_427553890_small.jpeg,12.970519,4.397692
data/image_compressed_leomessi/3233807784989722743_427553890_small.jpeg,10.35597,4.249596
data/image_compressed_leomessi/2662732743249620708_427553890_small.jpeg,13.201909,4.740629
data/image_compressed_leomessi/2717064915099590658_427553890_small.jpeg,12.526343,5.9985485
data/image_compressed_leomessi/2717064915091388034_427553890_small.jpeg,12.279077,8.472036
data/image_compressed_leomessi/2890162860467519253_427553890_small.jpeg,12.497682,5.7245297
data/image_compressed_leomessi/2680993156478943157_427553890_small.jpeg,9.402601,6.8056607
data/image_compressed_leomessi/3173317646694514597_427553890_small.jpeg,12.532512,3.956899
data/image_compressed_leomessi/2415510425196471580_427553890_small.jpeg,12.203457,8.708237
data/image_compressed_leomessi/2893897788111902513_427553890_small.jpeg,11.008462,6.961852
data/image_compressed_leomessi/2496185811772706448_427553890_small.jpeg,10.838558,5.6777244
data/image_compressed_leomessi/2450374810829943502_427553890_small.jpeg,7.1255474,3.8674052
data/image_compressed_leomessi/3065587581677468705_427553890_small.jpeg,12.078464,7.815262
data/image_compressed_leomessi/2842543815362796688_427553890_small.jpeg,8.027405,2.5998027
data/image_compressed_leomessi/3212666638746024210_427553890_small.jpeg,11.797573,4.2597194
data/image_compressed_leomessi/2438206060546732286_427553890_small.jpeg,11.557054,8.348457
data/image_compressed_leomessi/3176133307052233877_427553890_small.jpeg,9.950681,3.6633081
data/image_compressed_leomessi/2463559217346770039_427553890_small.jpeg,11.441451,8.581152
data/image_compressed_leomessi/2419350853427492027_427553890_small.jpeg,12.021799,6.2289796
data/image_compressed_leomessi/2570723786906028259_427553890_small.jpeg,8.364407,3.8323724
data/image_compressed_leomessi/3014833149746573504_427553890_small.jpeg,8.632703,5.665769
data/image_compressed_leomessi/2992626731094066136_427553890_small.jpeg,11.136369,5.1131935
data/image_compressed_leomessi/2518616464661334574_427553890_small.jpeg,10.666134,6.3575587
data/image_compressed_leomessi/3242497890743386732_427553890_small.jpeg,10.439404,4.497915
data/image_compressed_leomessi/3242497890600753394_427553890_small.jpeg,10.518001,4.3493595
data/image_compressed_leomessi/3176133307060570127_427553890_small.jpeg,9.661899,3.6146388
data/image_compressed_leomessi/3125775840973404968_427553890_small.jpeg,13.022846,5.1360426
data/image_compressed_leomessi/3133746661524227197_427553890_small.jpeg,12.948656,6.5611553
data/image_compressed_leomessi/2653196607296653211_427553890_small.jpeg,11.9859,8.368021
data/image_compressed_leomessi/3159296372293008768_427553890_small.jpeg,12.212923,8.624237
data/image_compressed_leomessi/3155086181711206002_427553890_small.jpeg,13.202497,7.149406
data/image_compressed_leomessi/2854160852384197434_427553890_small.jpeg,11.082777,5.4199243
data/image_compressed_leomessi/2654631746258110798_427553890_small.jpeg,12.211354,4.8751464
data/image_compressed_leomessi/3068866560517266973_427553890_small.jpeg,11.8065605,4.670819
data/image_compressed_leomessi/2363342435985806355_427553890_small.jpeg,10.631011,6.742558
data/image_compressed_leomessi/3227177216592094935_427553890_small.jpeg,8.3889885,4.001777
data/image_compressed_leomessi/2936961297896168723_427553890_small.jpeg,13.123837,6.6650133
data/image_compressed_leomessi/2401899280585093501_427553890_small.jpeg,11.658036,8.394262
data/image_compressed_leomessi/2612297967002717033_427553890_small.jpeg,11.11847,8.18796
data/image_compressed_leomessi/2875611630730976908_427553890_small.jpeg,9.499512,5.724423
data/image_compressed_leomessi/2499115760204761917_427553890_small.jpeg,11.390441,6.543368
data/image_compressed_leomessi/3036643710448459517_427553890_small.jpeg,8.870809,3.3809783
data/image_compressed_leomessi/2707784923262008069_427553890_small.jpeg,9.663259,6.903785
data/image_compressed_leomessi/2479087881488342397_427553890_small.jpeg,11.533567,6.120874
data/image_compressed_leomessi/2641769909368008846_427553890_small.jpeg,8.091618,4.7555356
data/image_compressed_leomessi/3063294248648773214_427553890_small.jpeg,8.681673,3.6220617
data/image_compressed_leomessi/2545452055043977724_427553890_small.jpeg,11.019574,6.344425
data/image_compressed_leomessi/3236921700141400208_427553890_small.jpeg,8.3652115,5.2129745
data/image_compressed_leomessi/2621583944439486345_427553890_small.jpeg,9.439195,4.9385056
data/image_compressed_leomessi/3012016571103480134_427553890_small.jpeg,8.456679,2.8754013
data/image_compressed_leomessi/3144044778614147639_427553890_small.jpeg,12.670524,4.478009
data/image_compressed_leomessi/2545452055052159406_427553890_small.jpeg,11.044364,6.0098825
data/image_compressed_leomessi/2843934191848206288_427553890_small.jpeg,7.519172,5.224967
data/image_compressed_leomessi/3098428119438497482_427553890_small.jpeg,6.9497795,4.0400085
data/image_compressed_leomessi/3005618497195490319_427553890_small.jpeg,8.042854,5.9434476
data/image_compressed_leomessi/3128106731628187825_427553890_small.jpeg,9.77993,4.582468
data/image_compressed_leomessi/2246540031781606822_427553890_small.jpeg,8.721822,5.990227
data/image_compressed_leomessi/3256966167339106749_427553890_small.jpeg,8.5329275,3.580762
data/image_compressed_leomessi/2854160852384194098_427553890_small.jpeg,11.068833,5.411091
data/image_compressed_leomessi/3180349993663098649_427553890_small.jpeg,12.214236,8.650919
data/image_compressed_leomessi/2497220890359986017_427553890_small.jpeg,11.482036,7.858168
data/image_compressed_leomessi/2843934192049402753_427553890_small.jpeg,10.428247,4.846048
data/image_compressed_leomessi/3145287212719339066_427553890_small.jpeg,8.36744,3.993417
data/image_compressed_leomessi/2311796841570297786_427553890_small.jpeg,11.088784,6.9914484
data/image_compressed_leomessi/3028870455146851409_427553890_small.jpeg,11.843209,7.6602364
data/image_compressed_leomessi/3247600462449739181_427553890_small.jpeg,9.855612,6.356821
data/image_compressed_leomessi/2468459213866982584_427553890_small.jpeg,12.018658,5.785067
data/image_compressed_leomessi/3068866560467094965_427553890_small.jpeg,12.808578,4.4012446
data/image_compressed_leomessi/2989794397143826279_427553890_small.jpeg,12.40262,4.5471406
data/image_compressed_leomessi/2728788436372718072_427553890_small.jpeg,8.832298,5.6037216
data/image_compressed_leomessi/2508491734033650519_427553890_small.jpeg,11.44802,7.2382736
data/image_compressed_leomessi/2614309307166884182_427553890_small.jpeg,13.343614,4.7939663
data/image_compressed_leomessi/2517867215535405662_427553890_small.jpeg,8.463737,5.6839275
data/image_compressed_leomessi/2837328355835119873_427553890_small.jpeg,7.2282996,4.7936335
data/image_compressed_leomessi/2246540031798460647_427553890_small.jpeg,9.897704,5.048479
data/image_compressed_leomessi/2886539671439134527_427553890_small.jpeg,12.219651,7.5722833
data/image_compressed_leomessi/3030924965897873270_427553890_small.jpeg,13.147079,5.4105544
data/image_compressed_leomessi/3030924965704963171_427553890_small.jpeg,13.093222,5.0132217
data/image_compressed_leomessi/3009108883940003067_427553890_small.jpeg,8.726284,3.0302293
data/image_compressed_leomessi/2601834634357478949_427553890_small.jpeg,7.541848,2.6827428
data/image_compressed_leomessi/3065587581584982709_427553890_small.jpeg,10.602683,4.6440086
data/image_compressed_leomessi/2582880461444175838_427553890_small.jpeg,9.515337,6.590267
data/image_compressed_leomessi/2254628851441834894_427553890_small.jpeg,11.742571,8.724346
data/image_compressed_leomessi/2233064467183755931_427553890_small.jpeg,12.5887575,7.097632
data/image_compressed_leomessi/2371494310497034064_427553890_small.jpeg,10.538089,6.924973
data/image_compressed_leomessi/2989794397160500599_427553890_small.jpeg,12.559185,7.3105354
data/image_compressed_leomessi/2322041416471627133_427553890_small.jpeg,7.631487,2.734718
data/image_compressed_leomessi/2463559217397023013_427553890_small.jpeg,11.733004,8.062005
data/image_compressed_leomessi/2851311306126308143_427553890_small.jpeg,10.289503,5.4911017
data/image_compressed_leomessi/2622482431431572083_427553890_small.jpeg,7.971739,5.206031
data/image_compressed_leomessi/2759866183190749403_427553890_small.jpeg,8.353615,4.208273
data/image_compressed_leomessi/2782074685648538168_427553890_small.jpeg,6.6472316,4.0563307
data/image_compressed_leomessi/3159296372460891225_427553890_small.jpeg,12.692694,8.361317
data/image_compressed_leomessi/2499115760221584046_427553890_small.jpeg,11.272636,6.4286733
data/image_compressed_leomessi/3019385755637987505_427553890_small.jpeg,12.277191,7.37378
data/image_compressed_leomessi/3023425819586693655_427553890_small.jpeg,9.299513,4.311188
data/image_compressed_leomessi/2307500369106317816_427553890_small.jpeg,10.809598,7.169984
data/image_compressed_leomessi/3220172082201486652_427553890_small.jpeg,7.912577,5.338189
data/image_compressed_leomessi/2251949294175874609_427553890_small.jpeg,12.250409,7.5420628
data/image_compressed_leomessi/2410649694357426529_427553890_small.jpeg,11.30281,8.36327
data/image_compressed_leomessi/3008377279185566358_427553890_small.jpeg,8.809668,3.1948533
data/image_compressed_leomessi/3144044778605719878_427553890_small.jpeg,13.281198,4.5819254
data/image_compressed_leomessi/2782452286397403853_427553890_small.jpeg,11.97052,8.157003
data/image_compressed_leomessi/3225563513501376358_427553890_small.jpeg,7.0345664,4.2995462
data/image_compressed_leomessi/2806780022163219243_427553890_small.jpeg,7.91308,3.651285
data/image_compressed_leomessi/3216051321010026591_427553890_small.jpeg,11.628323,7.360927
data/image_compressed_leomessi/2942627922985750521_427553890_small.jpeg,12.820092,5.35207
data/image_compressed_leomessi/2558363419467007027_427553890_small.jpeg,8.12792,2.3185823
data/image_compressed_leomessi/2767963459926835495_427553890_small.jpeg,12.621355,4.720932
data/image_compressed_leomessi/2518616464619335025_427553890_small.jpeg,11.552366,8.48489
data/image_compressed_leomessi/2983197406120995699_427553890_small.jpeg,11.872602,6.8967924
data/image_compressed_leomessi/2837328355835038180_427553890_small.jpeg,9.407054,5.191368
data/image_compressed_leomessi/3156289483716343771_427553890_small.jpeg,8.8305645,4.794279
data/image_compressed_leomessi/2369974928193350840_427553890_small.jpeg,7.822708,2.505009
data/image_compressed_leomessi/2687200965910598851_427553890_small.jpeg,9.2439575,5.975265
data/image_compressed_leomessi/2407723680374871343_427553890_small.jpeg,11.391348,8.485764
data/image_compressed_leomessi/2996230267928839193_427553890_small.jpeg,11.046541,7.3761406
data/image_compressed_leomessi/2934065666227683990_427553890_small.jpeg,11.391814,7.041535
data/image_compressed_leomessi/2632339156905335005_427553890_small.jpeg,9.532855,3.9362674
data/image_compressed_leomessi/3082387621150079357_427553890_small.jpeg,12.9958,6.5486646
data/image_compressed_leomessi/2936961297845719906_427553890_small.jpeg,12.644034,5.3088403
data/image_compressed_leomessi/3014833149629145296_427553890_small.jpeg,8.060726,5.0399923
data/image_compressed_leomessi/3287685899999633118_427553890_small.jpeg,8.800692,3.2591264
data/image_compressed_leomessi/2970650540682520918_427553890_small.jpeg,12.843426,6.7958603
data/image_compressed_leomessi/2464196613109182209_427553890_small.jpeg,8.009289,5.611591
data/image_compressed_leomessi/3291736544116061405_427553890_small.jpeg,12.674899,7.779038
data/image_compressed_leomessi/3148898229173085590_427553890_small.jpeg,9.058938,4.753862
data/image_compressed_leomessi/3013671525702576211_427553890_small.jpeg,12.750942,5.9618955
data/image_compressed_leomessi/2939710285774303197_427553890_small.jpeg,11.271001,3.9721541
data/image_compressed_leomessi/3212666638754406985_427553890_small.jpeg,12.633983,7.199939
data/image_compressed_leomessi/2598113878536441291_427553890_small.jpeg,7.4182854,2.9548557
data/image_compressed_leomessi/3270410480345611294_427553890_small.jpeg,8.068355,5.6104417
data/image_compressed_leomessi/2930280511088760424_427553890_small.jpeg,13.231243,4.724002
data/image_compressed_leomessi/2972960862520493590_427553890_small.jpeg,12.112345,8.345601
data/image_compressed_leomessi/3226440835767290647_427553890_small.jpeg,7.1853414,4.6484327
data/image_compressed_leomessi/2942627923019205662_427553890_small.jpeg,12.60321,5.5311766
data/image_compressed_leomessi/2482333193640246292_427553890_small.jpeg,10.372282,6.8258085
data/image_compressed_leomessi/2989794397143821673_427553890_small.jpeg,12.021631,6.895709
data/image_compressed_leomessi/3045459076691286232_427553890_small.jpeg,13.112185,5.1060734
data/image_compressed_leomessi/2615306138281705256_427553890_small.jpeg,9.63694,5.8709173
data/image_compressed_leomessi/3065587581652259052_427553890_small.jpeg,12.220822,4.2826962
data/image_compressed_leomessi/2499115760171274611_427553890_small.jpeg,11.534449,8.2347145
data/image_compressed_leomessi/2888688781889800296_427553890_small.jpeg,12.457956,6.7288103
data/image_compressed_leomessi/3047747757733776458_427553890_small.jpeg,7.0495167,3.779101
data/image_compressed_leomessi/2410649694374388109_427553890_small.jpeg,11.395883,8.51238
data/image_compressed_leomessi/2620812062865756087_427553890_small.jpeg,9.053609,4.6838994
data/image_compressed_leomessi/3262789216546186510_427553890_small.jpeg,10.776203,8.011584
data/image_compressed_leomessi/3282444905107355184_427553890_small.jpeg,9.880282,7.400153
data/image_compressed_leomessi/3065587581593363350_427553890_small.jpeg,11.899043,4.647116
data/image_compressed_leomessi/2930280511088649563_427553890_small.jpeg,10.910792,5.467344
data/image_compressed_leomessi/2402613462292933215_427553890_small.jpeg,9.385274,5.092096
data/image_compressed_leomessi/3225563513384018570_427553890_small.jpeg,7.0091834,4.2764077
data/image_compressed_leomessi/3219354293315704823_427553890_small.jpeg,11.137933,4.6316285
data/image_compressed_leomessi/2813224108264856295_427553890_small.jpeg,11.782958,5.301855
data/image_compressed_leomessi/2466289016519337476_427553890_small.jpeg,7.0100827,3.2937078
data/image_compressed_leomessi/2983197406314071225_427553890_small.jpeg,10.63534,6.26402
data/image_compressed_leomessi/2991820849174990998_427553890_small.jpeg,7.696731,3.0128596
data/image_compressed_leomessi/3216051320875844077_427553890_small.jpeg,11.59466,5.435818
data/image_compressed_leomessi/3128106731502548837_427553890_small.jpeg,10.113006,4.509861
data/image_compressed_leomessi/2424388090334603333_427553890_small.jpeg,11.698346,7.5263352
data/image_compressed_leomessi/2730108732698707015_427553890_small.jpeg,7.485787,3.0437644
data/image_compressed_leomessi/2479427709601862320_427553890_small.jpeg,7.226972,2.912468
data/image_compressed_leomessi/2599557042862528786_427553890_small.jpeg,11.950779,7.7091417
data/image_compressed_leomessi/3152228234094095608_427553890_small.jpeg,13.190865,4.651211
data/image_compressed_leomessi/2621583944716331710_427553890_small.jpeg,9.508787,4.7799497
data/image_compressed_leomessi/2927377214799562244_427553890_small.jpeg,12.616745,5.884279
data/image_compressed_leomessi/2665689629137745674_427553890_small.jpeg,6.9979706,2.693977
data/image_compressed_leomessi/3082387621217153069_427553890_small.jpeg,12.107621,7.4543133
data/image_compressed_leomessi/2894739580394609860_427553890_small.jpeg,12.021702,5.3543177
data/image_compressed_leomessi/2854160852409145235_427553890_small.jpeg,11.670961,6.9094687
data/image_compressed_leomessi/2767963459951806729_427553890_small.jpeg,12.003228,7.4873123
data/image_compressed_leomessi/2635840982153724921_427553890_small.jpeg,12.86039,4.351919
data/image_compressed_leomessi/2899113505606292666_427553890_small.jpeg,12.6592,5.1083355
data/image_compressed_leomessi/3167464980860930063_427553890_small.jpeg,12.894757,7.858003
data/image_compressed_leomessi/3019385755629563021_427553890_small.jpeg,10.775056,3.9168441
data/image_compressed_leomessi/2950572383871158988_427553890_small.jpeg,12.382339,7.2679963
data/image_compressed_leomessi/2635840982128560205_427553890_small.jpeg,7.605801,4.279471
data/image_compressed_leomessi/2573484174441674524_427553890_small.jpeg,8.054707,2.3432622
data/image_compressed_leomessi/2606853721605126359_427553890_small.jpeg,10.385942,5.875205
data/image_compressed_leomessi/2610117101862482027_427553890_small.jpeg,12.283006,7.19957
data/image_compressed_leomessi/2604597824426236418_427553890_small.jpeg,7.4175596,3.8050766
data/image_compressed_leomessi/2438206060429305460_427553890_small.jpeg,11.016959,7.447691
data/image_compressed_leomessi/2984502686955933995_427553890_small.jpeg,7.941168,4.040966
data/image_compressed_leomessi/2465742534384981655_427553890_small.jpeg,11.301761,6.038225
data/image_compressed_leomessi/2989794397143784171_427553890_small.jpeg,12.493,5.0556707
data/image_compressed_leomessi/2307500369114635592_427553890_small.jpeg,11.113859,7.850873
data/image_compressed_leomessi/2688765367751420223_427553890_small.jpeg,7.601649,4.159492
data/image_compressed_leomessi/3184991733414340331_640806256_small.jpeg,7.7360687,2.8533254
data/image_compressed_leomessi/3187005807675946687_427553890_small.jpeg,12.2696295,6.6077137
data/image_compressed_leomessi/2304604347199820523_427553890_small.jpeg,10.30805,7.2250714
data/image_compressed_leomessi/2837328355835055805_427553890_small.jpeg,8.510009,5.1862903
data/image_compressed_leomessi/2249689669342708959_427553890_small.jpeg,11.714883,8.127367
data/image_compressed_leomessi/3205453595012255205_427553890_small.jpeg,7.501384,5.192931
data/image_compressed_leomessi/3180349993671613341_427553890_small.jpeg,12.227856,8.6657715
data/image_compressed_leomessi/2909988514776012614_427553890_small.jpeg,12.256665,4.703866
data/image_compressed_leomessi/2969284547540526439_427553890_small.jpeg,8.4922085,3.4831946
data/image_compressed_leomessi/2843934191856628299_427553890_small.jpeg,9.330971,5.7652254
data/image_compressed_leomessi/2959872549421750669_427553890_small.jpeg,7.6591673,5.3816833
data/image_compressed_leomessi/2861405770076693903_427553890_small.jpeg,7.179963,4.0534315
data/image_compressed_leomessi/3087214974791566476_427553890_small.jpeg,7.6758246,3.8093193
data/image_compressed_leomessi/2638056679906891978_427553890_small.jpeg,8.435916,3.214552
data/image_compressed_leomessi/3088044945831294595_427553890_small.jpeg,9.917393,6.709783
data/image_compressed_leomessi/2802482943521561139_427553890_small.jpeg,10.32194,5.478573
data/image_compressed_leomessi/2688238086201451651_427553890_small.jpeg,10.57055,4.2984533
data/image_compressed_leomessi/2989794397160727342_427553890_small.jpeg,12.233029,5.459287
data/image_compressed_leomessi/2470110177762186493_427553890_small.jpeg,8.949355,3.4127455
data/image_compressed_leomessi/2638056680066322717_427553890_small.jpeg,13.102755,6.301512
data/image_compressed_leomessi/3176133307069072688_427553890_small.jpeg,12.496955,7.793346
data/image_compressed_leomessi/2615244819226461105_427553890_small.jpeg,10.106017,6.1284347
data/image_compressed_leomessi/2878595619548967752_640806256_small.jpeg,9.373607,4.3965716
data/image_compressed_leomessi/3225563513375504903_427553890_small.jpeg,7.521668,4.038779
data/image_compressed_leomessi/2483059617682443546_427553890_small.jpeg,10.836024,7.689007
data/image_compressed_leomessi/3184473557698083977_427553890_small.jpeg,10.548148,4.839161
data/image_compressed_leomessi/3216051320976407827_427553890_small.jpeg,12.291309,5.6598816
data/image_compressed_leomessi/2980303900796972407_427553890_small.jpeg,10.6601095,5.088194
data/image_compressed_leomessi/3191723167860491251_427553890_small.jpeg,8.449324,3.403408
data/image_compressed_leomessi/3167464980852714111_427553890_small.jpeg,9.946515,4.2522244
data/image_compressed_leomessi/3156976851230609310_427553890_small.jpeg,9.775558,3.7734098
data/image_compressed_leomessi/2612297966734341352_427553890_small.jpeg,11.745131,7.1935325
data/image_compressed_leomessi/3154881267933613663_427553890_small.jpeg,13.238963,4.5874157
data/image_compressed_leomessi/3173766504717354859_427553890_small.jpeg,12.358648,3.9933026
data/image_compressed_leomessi/2362646721177825172_427553890_small.jpeg,8.275284,4.6514544
data/image_compressed_leomessi/2684726178868771823_427553890_small.jpeg,12.942245,4.892234
data/image_compressed_leomessi/3246979825825836063_427553890_small.jpeg,8.206916,3.6009972
data/image_compressed_leomessi/3148898229198162484_427553890_small.jpeg,10.416737,4.9207397
data/image_compressed_leomessi/3076685306694930245_427553890_small.jpeg,11.434511,7.4643216
data/image_compressed_leomessi/3013671525719234050_427553890_small.jpeg,13.12268,6.464161
data/image_compressed_leomessi/2985377716388648916_427553890_small.jpeg,10.463091,6.811465
data/image_compressed_leomessi/3149902199001673361_427553890_small.jpeg,11.603602,8.657745
data/image_compressed_leomessi/3260544074208564226_427553890_small.jpeg,7.583394,4.7468915
data/image_compressed_leomessi/3023425819393724078_427553890_small.jpeg,10.155116,4.3034825
data/image_compressed_leomessi/2753819517274566211_427553890_small.jpeg,8.7694845,5.7957788
data/image_compressed_leomessi/2325555678217380631_427553890_small.jpeg,10.813718,6.7328343
data/image_compressed_leomessi/2363342436002626330_427553890_small.jpeg,11.674587,8.705083
data/image_compressed_leomessi/3291736544082520189_427553890_small.jpeg,12.656167,7.696495
data/image_compressed_leomessi/3219354293450003630_427553890_small.jpeg,9.767455,3.7168293
data/image_compressed_leomessi/2991820849267269512_427553890_small.jpeg,7.645777,3.0704806
data/image_compressed_leomessi/3233807784838857994_427553890_small.jpeg,8.800187,3.0464063
data/image_compressed_leomessi/2723701551027949272_427553890_small.jpeg,8.966251,3.262248
data/image_compressed_leomessi/2954190936615973219_427553890_small.jpeg,12.101931,5.679096
data/image_compressed_leomessi/3041689858154562655_427553890_small.jpeg,12.866957,5.279399
data/image_compressed_leomessi/2459939986054886404_427553890_small.jpeg,9.751455,3.511237
data/image_compressed_leomessi/3244702040621098536_427553890_small.jpeg,8.472076,3.1738772
data/image_compressed_leomessi/2996230267601806799_427553890_small.jpeg,10.324904,4.679238
data/image_compressed_leomessi/2654802394754436212_427553890_small.jpeg,10.112279,7.1491027
data/image_compressed_leomessi/2934065666193947387_427553890_small.jpeg,10.044073,4.1323423
data/image_compressed_leomessi/2988934251995461898_427553890_small.jpeg,11.23935,7.79028
data/image_compressed_leomessi/3225264492559917410_640806256_small.jpeg,7.612695,2.6514685
data/image_compressed_leomessi/3260544074191893449_427553890_small.jpeg,12.471608,3.9348004
data/image_compressed_leomessi/2983197406129366852_427553890_small.jpeg,10.875183,6.69289
data/image_compressed_leomessi/2688238086218179557_427553890_small.jpeg,12.859881,7.390832
data/image_compressed_leomessi/2996230267652099779_427553890_small.jpeg,10.534622,4.736784
data/image_compressed_leomessi/2886539671682280846_427553890_small.jpeg,11.830987,6.0625377
data/image_compressed_leomessi/3091745192738588583_427553890_small.jpeg,9.678447,4.2982917
data/image_compressed_leomessi/3047747757733820835_427553890_small.jpeg,6.973054,4.45573
data/image_compressed_leomessi/2813224108046930913_427553890_small.jpeg,12.022741,6.2179523
data/image_compressed_leomessi/3151380334847117113_427553890_small.jpeg,7.21494,4.222072
data/image_compressed_leomessi/2516496936460554326_427553890_small.jpeg,10.741824,6.198514
data/image_compressed_leomessi/3103308322199421921_427553890_small.jpeg,8.588987,3.9064906
data/image_compressed_leomessi/2782074685438923496_427553890_small.jpeg,8.903738,5.5108404
data/image_compressed_leomessi/2225132995437288105_427553890_small.jpeg,11.997371,5.540618
data/image_compressed_leomessi/3284556385957147778_427553890_small.jpeg,12.687001,7.1439385
data/image_compressed_leomessi/2673367455642999160_427553890_small.jpeg,7.579419,3.9872386
data/image_compressed_leomessi/2906112342728255806_427553890_small.jpeg,8.094181,4.7965927
data/image_compressed_leomessi/2985377716564904200_427553890_small.jpeg,9.769867,3.4737287
data/image_compressed_leomessi/2985377716539747354_427553890_small.jpeg,11.505295,6.8767447
data/image_compressed_leomessi/2681846541348150282_427553890_small.jpeg,11.070226,4.741832
data/image_compressed_leomessi/2659399795536389697_427553890_small.jpeg,9.741734,5.903714
data/image_compressed_leomessi/3173317646593847627_427553890_small.jpeg,12.679355,4.9136696
data/image_compressed_leomessi/2998426808853207556_427553890_small.jpeg,12.46555,4.3974576
data/image_compressed_leomessi/3164257005975464618_427553890_small.jpeg,12.795947,7.6448035
data/image_compressed_leomessi/2415510425204909723_427553890_small.jpeg,9.611189,6.950564
data/image_compressed_leomessi/2930280511080487379_427553890_small.jpeg,11.786882,5.211848
data/image_compressed_leomessi/2989794397143826550_427553890_small.jpeg,12.140904,6.301002
data/image_compressed_leomessi/3014833149763385790_427553890_small.jpeg,7.7154675,4.90707
data/image_compressed_leomessi/2899113505320891736_427553890_small.jpeg,12.236718,4.6450515
data/image_compressed_leomessi/2927377214791090006_427553890_small.jpeg,6.997203,3.9177668
data/image_compressed_leomessi/2649004345419596488_427553890_small.jpeg,9.41171,4.015994
data/image_compressed_leomessi/3160954266034042314_427553890_small.jpeg,11.031994,4.860047
data/image_compressed_leomessi/2681846541331391909_427553890_small.jpeg,12.768569,4.7538924
data/image_compressed_leomessi/3076685306711757325_427553890_small.jpeg,12.702784,5.2725973
data/image_compressed_leomessi/2928678048355239327_427553890_small.jpeg,7.9069133,2.526137
data/image_compressed_leomessi/2760481246104532577_427553890_small.jpeg,11.186964,7.7894177
data/image_compressed_leomessi/2659399795544780540_427553890_small.jpeg,13.316423,4.584658
data/image_compressed_leomessi/2347508854726286517_427553890_small.jpeg,11.61066,8.628189
data/image_compressed_leomessi/3133746661532381018_427553890_small.jpeg,9.449359,4.684273
data/image_compressed_leomessi/2672988480966121286_427553890_small.jpeg,11.229945,5.714161
data/image_compressed_leomessi/2942627923036135739_427553890_small.jpeg,12.407627,6.432437
data/image_compressed_leomessi/2316985000876585370_427553890_small.jpeg,9.314403,3.8374412
data/image_compressed_leomessi/3164257005958623947_427553890_small.jpeg,11.599315,4.7216477
data/image_compressed_leomessi/2678605717898570732_427553890_small.jpeg,9.205741,6.5269504
data/image_compressed_leomessi/3023425819377122691_427553890_small.jpeg,8.552497,4.9465475
data/image_compressed_leomessi/3202839303180215482_427553890_small.jpeg,6.814175,4.1210275
data/image_compressed_leomessi/2456673012931684396_427553890_small.jpeg,7.2272005,3.3792694
data/image_compressed_leomessi/2415510425255092023_427553890_small.jpeg,9.649893,6.638462
data/image_compressed_leomessi/3242497890600757985_427553890_small.jpeg,10.4932575,4.4609137
data/image_compressed_leomessi/3156289483716414583_427553890_small.jpeg,8.416365,5.0368567
data/image_compressed_leomessi/3156289483867312707_427553890_small.jpeg,8.239155,5.927186
data/image_compressed_leomessi/2442518272320968730_427553890_small.jpeg,11.824876,7.8054485
data/image_compressed_leomessi/2759866183173819021_427553890_small.jpeg,8.407926,4.1683836
data/image_compressed_leomessi/2478549008257630355_427553890_small.jpeg,8.934882,5.225991
data/image_compressed_leomessi/3047747757884668566_427553890_small.jpeg,6.741392,4.277322
data/image_compressed_leomessi/3125775840797255248_427553890_small.jpeg,12.86653,4.8668346
data/image_compressed_leomessi/2927377214791002577_427553890_small.jpeg,11.856573,6.227319
data/image_compressed_leomessi/2972960862520588547_427553890_small.jpeg,12.820436,7.221076
data/image_compressed_leomessi/3291736544166331963_427553890_small.jpeg,11.497652,5.128237
